{
  "oof_auc": 0.9459627208908254,
  "oof_pr_auc": 0.7423529935937465,
  "best_f1": {
    "threshold": 0.3,
    "tp": 1716.0,
    "fp": 799.0,
    "fn": 579.0,
    "tn": 10676.0,
    "precision": 0.6823061630218688,
    "recall": 0.7477124183006536,
    "specificity": 0.9303703703703704,
    "f1": 0.7135135135135136,
    "youden_j": 0.6780827886710239,
    "expected_cost": 3694.0
  },
  "best_youden": {
    "threshold": 0.2,
    "tp": 2095.0,
    "fp": 1541.0,
    "fn": 200.0,
    "tn": 9934.0,
    "precision": 0.5761826182618262,
    "recall": 0.9128540305010894,
    "specificity": 0.8657080610021787,
    "f1": 0.7064575956836959,
    "youden_j": 0.778562091503268,
    "expected_cost": 2541.0
  },
  "best_cost": {
    "threshold": 0.2,
    "tp": 2095.0,
    "fp": 1541.0,
    "fn": 200.0,
    "tn": 9934.0,
    "precision": 0.5761826182618262,
    "recall": 0.9128540305010894,
    "specificity": 0.8657080610021787,
    "f1": 0.7064575956836959,
    "youden_j": 0.778562091503268,
    "expected_cost": 2541.0
  },
  "cost_fn": 5.0,
  "cost_fp": 1.0
}