ratio,n_pos,n_neg,pos_rate,oof_auc,oof_pr_auc
1,2295,2295,0.5,0.9323566909213454,0.9101127030826406
3,2295,6885,0.25,0.9426559585344668,0.8145444576351982
5,2295,11475,0.16666666666666666,0.9459627208908254,0.7423529935937465
10,2295,22950,0.09090909090909091,0.9510965108386614,0.6295943494821992
