{
  "n_windows": 18,
  "n_valid_windows": 18,
  "auc_mean": 0.9514837041751724,
  "auc_std": 0.01365095435716147,
  "auc_min": 0.9206032379685075,
  "auc_max": 0.9663243733011174,
  "pr_auc_mean": 0.5271330922250078,
  "pr_auc_std": 0.11663760555059746
}